20260115 102045_seg000.wav|नमस्ते.
20260115 102439_seg000.wav|Namaskar! My name is Sita. I am the director of the film, can you please introduce yourself? Thank you, Vat. We are company, let's start the film.
20260115 102439_seg001.wav|Pardon or we want tomorrow to have a meet. sulfur water onlyev. Thank you.
20260115 103940_seg000.wav|
20260115 103940_seg001.wav|1 shunya duaik, jeh toho, Kimari, tik po na koska goodbye go ?  very Science collateral by skill 2-1,5
20260115 103940_seg002.wav|言
20260115 104039_seg000.wav|Tap on the back of the box to make sure it is not too dark. Tap on the back of the box to make sure it is not too dark.
20260115 104039_seg001.wav|with the help of the project's assistant your colleagues, TV restrictions and souvenir networks seeking
20260115 104104_seg000.wav|The internet vitality that helps gets you better.iru,
20260115 104104_seg001.wav|His person should understand all the words of our 직접경uts that are also censor of Dharma, by this intention.BER I
20260115 104104_seg002.wav|業用出所Platter員 2 renounce
20260115 104225_seg000.wav|Try to put out a new app and download it on your website.. Powerslap and can pristers online.
20260115 104225_seg001.wav|Kripaya Yozhan Gary – Thyan Dino-Hose
20260115 104355_seg000.wav|While she spoke to her viewers, sheкол their daughter tortured them She found clamor with blood and thirteen bitten intestines By tears, she had diarrhea her teeth, heart ached, and pain Also translated as Lれて
20260115 104355_seg001.wav|he is my lady info the count of three Thank you for the messages self- uhh thank you
20260115 104355_seg002.wav|Hoongal,
20260115 104446_seg000.wav|After lots of workhr shall be had after nearly 2-3 mins. Today's team were training both arts and metext
20260115 104542_seg000.wav|Namaste. Tapae laikostutsha. Aza ko mousam niku irambu sa hoida to. Malai ikap chiya dino hos na.
20260115 104542_seg001.wav|In this expedition shadow of the Leehanエ Sanggegum ChanonentJi of cooperation with Nepal According to some old
20260115 104611_seg000.wav|elect akan tbadasvision Kanalitulasi. JAL BITHADIT UTH Iropole
20260115 104611_seg001.wav|for large amounts of Thipra-Gati Maagadi Body Rahi. Eighteen eastern countries Europa, we've uked few human sufferings..
20260115 104649_seg000.wav|Did you see this mobile phone hill? This is friendship zit fortune , I did it ! I will keep your first. I will take care of you now.
20260115 104649_seg001.wav|small姐爸就
20260115 104729_seg000.wav|Namaste. Ma'am, Tappelai Kassari Sahayogona Saksu. Namaste. Grahakseva Kendra Ma'am, Tappelai Swagat Sahayogona.
20260115 104729_seg001.wav|Namaste. Auzir Gukal. Hamrala ki Mohatopurna Sa. Kri Paya ki hi Saamay. Pratikcha Garnohala.
20260115 104729_seg002.wav|I have previously explained the case of a daughter of Suryugone with a clear intention that the entire Nam
20260115 104729_seg003.wav|If you have to deliver any email or offer a petition, please contact any expert in Class WC which takesしょ
20260115 104729_seg004.wav|The
20260115 104829_seg000.wav|So, now a whole thing is no longer done, or it will give more views for the next time But inたい...
20260115 104847_seg000.wav|First, we can start with A7 mobile. Then, we can switch on the internet connection with a shortcut butter. Before that, where should we make a signal?
20260115 104847_seg001.wav|Your appointment syncs in a zam-y scruineer, who believes you can get paid for the ticket. Dangan bringing you from service to a P universal bus through a weekend. I'm sure in your suggestion you might be able to check the ticket if you look very nyaaay info. Another麼.
20260115 104847_seg002.wav|it has a great story to do.
20260115 104921_seg000.wav|друзья providing me interview every day and AOTA link per week
20260115 104921_seg001.wav|If you want to see more videos like this, check out the link in the description.
20260115 104945_seg000.wav|When it came in line with this material... ...I줄 refreshingly thereby. Let the RAIII be replaced bynt on this film.
20260115 104945_seg001.wav|the main house has panels over the council.
20260115 104945_seg002.wav|Awards will put up a new album which we'd love to know about
20260115 105017_seg000.wav|I can't ask you anything. I don't want to ask you anything. I can't ask you anything. How do you do?
20260115 105017_seg001.wav|Almost the same algorithm as this table. The today it was your to be the
20260115 105017_seg002.wav|bihte gauri meri q意 hola, shinna gaarir ahe kozaart,
20260115 105047_seg000.wav|Please do not attempt to do fast, we should help please knowing short time and continue like careless moral action
20260115 105047_seg001.wav|I picked some food-pack-worm-lingons. I also picked also some food-pack-worm-lingons. I picked some foods that I wanted to vorher for my
20260115 105047_seg002.wav|I'm Eli Piri, some part of our Garno Hola. Namaste.
20260115 105542_seg000.wav|the internet send it back to немного server subscribe we are there email
20260115 105542_seg001.wav|That's going to host.
20260115 105542_seg002.wav|We are thinking of cr begun as our goal is our worker, our education mêscha for ourÉra, a local re-set with modern reaction.
20260115 105542_seg003.wav|But with no space, it is possible.. to beEuuno for new life time If you don't have a drink.. use it.
20260115 110106_seg000.wav|Unawered the total security of the kingdom, the workers municipality should meet and
20260115 110106_seg001.wav|Your friends can steal yourЭтоred egg
20260115 110222_seg000.wav|and I'm afraid even if you don't have enough fat or much fat, I don't care at all. This is my order number.
20260115 110222_seg001.wav|Naренya's
20260115 110222_seg002.wav|Trailer Riley rider What will happen?挑inege the parade
20260115 110301_seg000.wav|With his report online he came to the DH! He also recommended another Ayurveda Venk灨 namely Hualka Khanan Khanao Bishcinu
20260115 110301_seg001.wav|On 24th of July
20260115 110402_seg000.wav|Namaste. Hazur. Tapai. Suba Prabhat. Swagat. Tanneva.
20260115 110402_seg001.wav|Saha Yug, Zat, Darta, Pratikcha, Samparkov.
20260115 110402_seg002.wav|Navigarhan, Rakshar, Rata, Update, Download, Uplur, Khata.
20260115 110402_seg003.wav|Buktani, Baki, Balance, Refund, Sulkar, Bihar.
20260115 110402_seg004.wav|password
20260115 110402_seg005.wav|Network, Signal, Router, Cyber, Bandwidth, Gotty. Order.
20260115 110402_seg006.wav|Saman, Delivery, Stan, Gourier, Vilda, Dracking. Goro.
20260115 110402_seg007.wav|Lax, Hazar, Proto-Sot, Rupanjan, Poisa.
20260115 110526_seg000.wav|Catmando, Lalithpur, Paktapur, Pokhara, Parathpur, Virgans, Nayabhanishwar.
20260115 110526_seg001.wav|Kutalisarak, Kalanghi, Zavahil, Maharaj Gans, Kuteshwar, Zwala Kills,
20260115 110526_seg002.wav|Guppondol, Baluvatar, Budhanilkanta, Sanepa, Kauśala, Tamil, Balaju.
20260115 110526_seg003.wav|Bipsi cola, biratnagar, butthole, tharan, itahari, Nepal guns, thangari, jhanakpurtham, etahora.
20260115 110526_seg004.wav|Pirendra Nagar, Pirdamod, Pirendra Nagar, Tulsipur, Kaurahi, Nohan, Bonepa, Tuli Kir.
20260115 110526_seg005.wav|Rati Puri Damak Ratna Nagar Tika Puri Baling Tan Sen
20260115 110526_seg006.wav|Midsayya, Pidim, Ilam, Gai Ghat, PCS, Monteli.
20260115 110717_seg000.wav|Amra Services Haruma Mukherupma, a broad study, visa processing, BTE, IELTS, classes,
20260115 110717_seg001.wav|Scholarship Zangariro, permanent residency, co-guide, hunsa. How do you like hun service ko Zangarizahi'e ko tsuh?
20260115 110853_seg000.wav|Unfortunately Hospital seven ministries those whom 함께 тран ans
20260115 110853_seg001.wav|as you will see at our last images. I'm J來到 Nallipa Yama ginger white bhai sor
20260115 110853_seg002.wav|Sadharan, Huddhi Samandhi Samasya, Hidnebi Bak, Hadjorni Ho.
20260115 111017_seg000.wav|Good morning Geetha and if you guys can catch your meal
20260115 111017_seg001.wav|Saffel, Apurna, Anivarya, Sasto, Mahango, Chito, Tilo, Nayapurana.
20260115 111017_seg002.wav|Saha-golat spashta turunde pistare ahile sama pheri sadhe kahae kahi
20260115 111017_seg003.wav|So, hili pani, and dindin patak, pakka, nishjit, samhav, asamhav, saer.
20260115 111017_seg004.wav|Rest up, mom.
20260115 111105_seg000.wav|The Japanese government is all making it effortlessly, making it multiple market candidates may have chosen toнул others. The US Federal Government is saying this is the moving-up climate framework.
20260115 111105_seg001.wav|Next up is last note number, Haupt there closely, immediately add maps to be yeast based on the number.
20260115 111105_seg002.wav|Five years later the American lawyer asked for advice on sellingonya developed with tender o'er Textile
20260115 111139_seg000.wav|Now it is time for you to copy the very main report of the report. Consider reading a report including if we cannot finish the report in 30 minutes firstly.
20260115 111139_seg001.wav|Not one programme seeks to avoid new types of ones. Supports, rugged sea bass and light singissä.
20260115 111139_seg002.wav|drops through Journal Club's
